sku,category,,,
13MMID,DRILL KIT,,,
13MMID4,DRILL KIT,,,
1513-1,ROOM HEATER,,,
6Z-420O-KLA6,BATHROOM MIRROR,,,
ACAO01,NOT SELLING,,,
ACBMP6,METAL PLANTER,,,
ACBM-R01-3224,BATHROOM MIRROR,,,
ACBM-R02-2028,BATHROOM MIRROR,,,
ACBURP3,METAL PLANTER,,,
ACCMRP5,METAL PLANTER,,,
ACFT13,IRONING BOARD,,,
ACFT131,IRONING BOARD,,,
ACFT132,IRONING BOARD,,,
ACFT133,IRONING BOARD,,,
ACFT134,IRONING BOARD,,,
ACFT135,IRONING BOARD,,,
ACFT15,IRONING BOARD,,,
ACGC-DAC751,COOLER,,,
ACGC-OPTIMUS65,COOLER,,,
ACGC-OPTIMUSNEO35,COOLER,,,
ACGC-OPTIMUSNEO35I,COOLER,,,
ACGC-OZONECLASIC54,COOLER,,,
ACGMRP10,METAL PLANTER,,,
ACHWPMP2,METAL PLANTER,,,
ACHWPMP5,METAL PLANTER,,,
ACIB6DS,IRONING BOARD,,,
ACL032,NOT SELLING,,,
ACL043,NOT SELLING,,,
ACLO33,NOT SELLING,,,
ACLRM01,ROTIMAKER,,,
ACMDORP5,METAL PLANTER,,,
ACMDORPG,METAL PLANTER,,,
ACMDORPP,METAL PLANTER,,,
ACMDORPPI,METAL PLANTER,,,
ACMDORPR,METAL PLANTER,,,
ACMDORPY,METAL PLANTER,,,
ACMDRP10,METAL PLANTER,,,
ACMDRP5,METAL PLANTER,,,
ACMN01,MOSQUITO NET,,,
ACMN02,MOSQUITO NET,,,
ACMN021,MOSQUITO NET,,,
ACMN03,MOSQUITO NET,,,
ACMNCBB01,MOSQUITO NET,,,
ACMNCBP01,MOSQUITO NET,,,
ACMNDBB01,MOSQUITO NET,,,
ACMNDBP01,MOSQUITO NET,,,
ACMNEJB01,MOSQUITO NET,,,
ACMNEJP01,MOSQUITO NET,,,
ACMNEJW01,MOSQUITO NET,,,
ACMNO11,MOSQUITO NET,,,
ACMNO31,MOSQUITO NET,,,
ACMNSB01,MOSQUITO NET,,,
ACMNSP01,MOSQUITO NET,,,
ACMOBRP3,METAL PLANTER,,,
ACMRP3,METAL PLANTER,,,
ACOIMP2,METAL PLANTER,,,
ACPB01,CHARCOAL GRILL,,,
ACPB02,CHARCOAL GRILL,,,
ACPV3,IRONING BOARD,,,
ACRRMP5,METAL PLANTER,,,
ACRRP4,METAL PLANTER,,,
ACRRPR01,METAL PLANTER,,,
ACSM-CO2-24,BATHROOM MIRROR,,,
ACTL2.0,LADDER,,,
ACTL2.6,LADDER,,,
ACTL2.9,LADDER,,,
ACTL3.8,LADDER,,,
ACTL5.0,LADDER,,,
ACTL6.0,LADDER,,,
ACYL1013B,CHARCOAL GRILL,,,
ACYL1013B1,CHARCOAL GRILL,,,
ACYL1013B2,CHARCOAL GRILL,,,
ACYL1501,CHARCOAL GRILL,,,
ACYL1515S,CHARCOAL GRILL,,,
ACYL210,CHARCOAL GRILL,,,
ACYL522,CHARCOAL GRILL,,,
BL520,ICECREAM MAKER,,,
CBWS03,DRILL KIT,,,
CDM01,DRILL KIT,,,
CHSM1,SEWING MACHINE,,,
CHTK01,DRILL KIT,,,
CHTK011,DRILL KIT,,,
CKS1,KITCHEN SCALE,,,
CKS2,KITCHEN SCALE,,,
CKS3,KITCHEN SCALE,,,
CMSM01,SEWING MACHINE,,,
CMSM01A,SEWING MACHINE,,,
CMSM01B,SEWING MACHINE,,,
CMSM01C,SEWING MACHINE,,,
CMSM01D,SEWING MACHINE,,,
CMSM02,SEWING MACHINE,,,
CMSM03,SEWING MACHINE,,,
CMSM05,SEWING MACHINE,,,
CMSM05A,SEWING MACHINE,,,
CMSM06,SEWING MACHINE,,,
CMSM061,SEWING MACHINE,,,
CMSM062,SEWING MACHINE,,,
CMSM06A,SEWING MACHINE,,,
CMSM06A1,SEWING MACHINE,,,
CMSM06A2,SEWING MACHINE,,,
CMSM07A,SEWING MACHINE,,,
CMSM08,SEWING MACHINE,,,
CMSM081,SEWING MACHINE,,,
CMSM082,SEWING MACHINE,,,
CMSM08A,SEWING MACHINE,,,
CMSM08A1,SEWING MACHINE,,,
CMSM08A2,SEWING MACHINE,,,
CPS1,PERSONAL SCALE,,,
CPS11,PERSONAL SCALE,,,
CPS2,PERSONAL SCALE,,,
CPS22,PERSONAL SCALE,,,
CPS3 Black,PERSONAL SCALE,,,
CSAK02,SEWING KIT,,,
CSAK03,SEWING KIT,,,
CSKA01,SEWING KIT,,,
D8507,HAND BLENDER,,,
D8507E,HAND BLENDER,,,
D8507-E,HAND BLENDER,,,
DC 2050 DLX,COOLER,,,
DC2016,COOLER,,,
DMH67,COOLER,,,
Frio (White),COOLER,,,
GM741,COMMERCIAL MIXER GRINDER,,,
GM749,COMMERCIAL MIXER GRINDER,,,
HD06,PORTABLE BLENDER,,,
HD10,PORTABLE BLENDER,,,
HNB01,NUTRIBLENDER,,,
HNB02,NUTRIBLENDER,,,
HRM01,ROTIMAKER,,,
HRMH01,ROTIMAKER,,,
HS206C,COMMERCIAL MIXER GRINDER,,,
HY128,GARMENT STEAMER,,,
HY128W,GARMENT STEAMER,,,
HY628,GARMENT STEAMER,,,
JB-T30I-21H4,BATHROOM MIRROR,,,
JORC03-JD,VACUUM CLEANER,,,
JSD-02,AIRFRYER,,,
JTBM-CO2-32,BATHROOM MIRROR,,,
JWS-0801,AIRFRYER,,,
JWS-1501,AIRFRYER,,,
LA1,IRONING BOARD,,,
LA11,IRONING BOARD,,,
LA12,IRONING BOARD,,,
LA2,IRONING BOARD,,,
LA3,IRONING BOARD,,,
LA4,IRONING BOARD,,,
LA5,IRONING BOARD,,,
LAF01,AIRFRYER,,,
LAF02,AIRFRYER,,,
LAF03,AIRFRYER,,,
LBF01,NOT SELLING,,,
LBL1450B,ICECREAM MAKER,,,
LBL1450B2,ICECREAM MAKER,,,
LBL520,ICECREAM MAKER,,,
LBL5201,ICECREAM MAKER,,,
LBL5202,ICECREAM MAKER,,,
LCFB01,NOT SELLING,,,
LCFEB 2,NOT SELLING,,,
LCFEB01,NOT SELLING,,,
LCFEW 2,NOT SELLING,,,
LCFEW01,NOT SELLING,,,
LCFG01,NOT SELLING,,,
LCFI02,NOT SELLING,,,
LECH01,NOT SELLING,,,
LECS01,NOT SELLING,,,
LECS02,NOT SELLING,,,
LEDM01,NOT SELLING,,,
LEK01,ELECTRIC KETTLE,,,
LEK02,ELECTRIC KETTLE,,,
LEXH12,NOT SELLING,,,
LGM747,MIXER GRINDER,,,
LGM747G,MIXER GRINDER,,,
LHB01,NOT SELLING,,,
LICRH01,ROOM HEATER,,,
LIRH01,ROOM HEATER,,,
LIRH02,ROOM HEATER,,,
LIRH021,ROOM HEATER,,,
LMX01,COMMERCIAL MIXER GRINDER,,,
LMX02,COMMERCIAL MIXER GRINDER,,,
LMX04,COMMERCIAL MIXER GRINDER,,,
LMX04N,COMMERCIAL MIXER GRINDER,,,
LNB02,NUTRIBLENDER,,,
LNB03,NUTRIBLENDER,,,
LNB04,NUTRIBLENDER,,,
LNB05,NUTRIBLENDER,,,
LNUB01,NUTRIBLENDER,,,
LNUB5J01,NUTRIBLENDER,,,
LNUB5J011,NUTRIBLENDER,,,
LNUB5JR01,NUTRIBLENDER,,,
LNUB5JS01,NUTRIBLENDER,,,
LNUBC01,NUTRIBLENDER,,,
LNUBJ01,NUTRIBLENDER,,,
LNUBJ011,NUTRIBLENDER,,,
LNUBJC01,NUTRIBLENDER,,,
LNUBJC011,NUTRIBLENDER,,,
LNUBJCR01,NUTRIBLENDER,,,
LNUBJCS01,NUTRIBLENDER,,,
LNUBJR01,NUTRIBLENDER,,,
LNUBJS01,NUTRIBLENDER,,,
LNUBR01,NUTRIBLENDER,,,
LNUBS01,NUTRIBLENDER,,,
LPB01BL,PORTABLE BLENDER,,,
LPB01BU,PORTABLE BLENDER,,,
LPB01GR,PORTABLE BLENDER,,,
LPB01GR1,PORTABLE BLENDER,,,
LPB01PI,PORTABLE BLENDER,,,
LPB01WH,PORTABLE BLENDER,,,
LPC01,ELECTRIC PRESSURE COOKER,,,
LPC02,ELECTRIC PRESSURE COOKER,,,
LPM01,POPCORN MAKER,,,
LRM02,ROTIMAKER,,,
LRM021,ROTIMAKER,,,
LRM03,ROTIMAKER,,,
LSG01,SANDWICH MAKER,,,
LSG011,SANDWICH MAKER,,,
LSG02,SANDWICH MAKER,,,
LSG03,SANDWICH MAKER,,,
LSJ01,SLOW JUICER,,,
LTF-01,TOWER FAN,,,
LTF-02,TOWER FAN,,,
LWM01,WAFFLE MAKER,,,
LYM01,YOGURT MAKER,,,
NEO27,COOLER,,,
PCF 25DLX,COOLER,,,
Platini PX97,MIXER GRINDER,,,
SB2003,COOLER,,,
SC217,STAND MIXER,,,
SC605E,STAND MIXER,,,
SM-519,SEWING MACHINE,,,
SM-617,SEWING MACHINE,,,
SM-618,SEWING MACHINE,,,
SRC05-HK,VACUUM CLEANER,,,
TC2007,COOLER,,,
TMH 12,COOLER,,,
TMH 20,COOLER,,,